origen,destino,distancia,tiempo,trafico,transbordos,mejor_ruta
Norte,Centro,26.47,63,bajo,0,NO
Norte,Estacion_Central,15.92,30,bajo,1,SI
Centro,Estacion_Central,8.56,54,alto,3,NO
Este,Oeste,21.45,67,bajo,1,NO
Aeropuerto,Sur,11.17,31,medio,0,SI
Norte,Oeste,5.19,50,alto,2,NO
Centro,Aeropuerto,17.16,46,medio,0,NO
Oeste,Universidad,22.75,94,medio,1,NO
Norte,Centro,23.82,72,bajo,1,NO
Norte,Oeste,11.17,46,medio,1,NO
Estacion_Central,Sur,8.91,36,alto,0,NO
Sur,Estacion_Central,26.06,78,medio,2,NO
Este,Aeropuerto,12.7,44,bajo,1,SI
Centro,Universidad,12.41,29,bajo,2,NO
Este,Aeropuerto,18.47,111,alto,3,NO
Sur,Este,6.61,50,alto,2,NO
Aeropuerto,Oeste,15.18,34,bajo,3,NO
Norte,Universidad,3.55,18,alto,1,NO
Aeropuerto,Oeste,4.1,14,medio,2,NO
Centro,Aeropuerto,25.78,133,alto,2,NO
Estacion_Central,Centro,11.69,23,bajo,2,NO
Sur,Estacion_Central,32.12,124,medio,1,NO
Sur,Este,27.16,133,alto,0,NO
Estacion_Central,Este,2.64,31,medio,1,SI
Centro,Sur,30.97,95,bajo,3,NO
Norte,Universidad,19.58,75,alto,3,NO
Sur,Este,19.41,56,bajo,1,NO
Oeste,Este,34.84,124,medio,3,NO
Norte,Sur,9.42,41,alto,1,NO
Este,Centro,4.34,19,bajo,0,SI
Centro,Universidad,12.9,48,medio,3,NO
Este,Estacion_Central,6.37,59,alto,3,NO
Este,Universidad,17.61,46,bajo,0,SI
Aeropuerto,Sur,15.98,77,alto,0,NO
Norte,Centro,15.29,38,bajo,1,SI
Este,Norte,19.7,43,bajo,2,NO
Universidad,Norte,30.86,124,alto,0,NO
Centro,Aeropuerto,34.98,102,bajo,1,NO
Sur,Oeste,18.03,53,medio,0,NO
Sur,Oeste,2.07,13,medio,2,NO
Aeropuerto,Estacion_Central,33.59,185,alto,3,NO
Sur,Norte,11.79,86,alto,0,NO
Estacion_Central,Centro,3.65,23,alto,1,NO
Centro,Estacion_Central,4.64,18,alto,0,NO
Este,Oeste,5.96,31,bajo,0,SI
Norte,Oeste,23.69,85,medio,2,NO
Este,Aeropuerto,25.63,79,medio,1,NO
Oeste,Este,12.43,43,bajo,0,SI
Universidad,Oeste,34.95,107,bajo,1,NO
Oeste,Norte,32.8,98,bajo,2,NO
Oeste,Norte,16.46,61,medio,0,NO
Oeste,Aeropuerto,5.42,37,medio,0,SI
Norte,Aeropuerto,20.26,86,alto,1,NO
Estacion_Central,Norte,24.69,138,alto,3,NO
Oeste,Universidad,3.68,23,medio,0,SI
Centro,Este,27.45,100,medio,1,NO
Universidad,Oeste,25.29,70,bajo,0,NO
Sur,Estacion_Central,3.19,18,alto,1,NO
Aeropuerto,Norte,3.38,10,bajo,2,NO
Este,Aeropuerto,10.23,32,alto,3,NO
Sur,Norte,30.53,95,bajo,3,NO
Centro,Sur,26.31,84,medio,1,NO
Oeste,Norte,27.98,63,bajo,3,NO
Este,Norte,28.95,98,medio,1,NO
Este,Centro,23.78,79,medio,0,NO
Oeste,Sur,23.17,106,alto,2,NO
Centro,Norte,30.94,135,alto,2,NO
Centro,Norte,21.69,70,medio,3,NO
Norte,Oeste,31.68,74,bajo,3,NO
Centro,Estacion_Central,32.54,156,alto,1,NO
Estacion_Central,Este,4.31,26,medio,2,NO
Norte,Aeropuerto,31.7,151,alto,3,NO
Estacion_Central,Este,25.01,69,bajo,3,NO
Aeropuerto,Estacion_Central,26.69,109,alto,2,NO
Aeropuerto,Oeste,29.51,72,bajo,3,NO
Estacion_Central,Este,16.58,91,alto,3,NO
Sur,Aeropuerto,4.8,30,alto,2,NO
Norte,Universidad,33.42,104,medio,1,NO
Este,Norte,2.81,13,medio,0,SI
Universidad,Este,31.24,153,alto,3,NO
Universidad,Este,10.05,34,bajo,0,SI
Aeropuerto,Norte,7.8,68,alto,3,NO
Centro,Estacion_Central,10.22,53,medio,1,NO
Universidad,Estacion_Central,19.53,71,medio,3,NO
Aeropuerto,Universidad,31.93,83,bajo,3,NO
Universidad,Sur,26.81,106,medio,3,NO
Este,Sur,16.52,52,bajo,2,NO
Estacion_Central,Sur,31.47,71,bajo,1,NO
Aeropuerto,Estacion_Central,7.04,18,medio,3,NO
Estacion_Central,Oeste,17.38,45,medio,3,NO
Centro,Universidad,31.06,109,medio,0,NO
Estacion_Central,Sur,26.86,106,medio,1,NO
Universidad,Norte,11.01,41,medio,2,NO
Aeropuerto,Estacion_Central,7.45,22,bajo,0,SI
Aeropuerto,Oeste,20.62,75,alto,3,NO
Sur,Universidad,17.24,44,medio,2,NO
Este,Oeste,12.79,57,medio,2,NO
Aeropuerto,Sur,29.55,138,alto,0,NO
Estacion_Central,Norte,23.45,129,alto,0,NO
Centro,Sur,8.58,12,bajo,1,SI
Sur,Oeste,24.09,67,bajo,3,NO
Oeste,Universidad,14.17,77,alto,0,NO
Sur,Este,5.57,13,medio,3,NO
Aeropuerto,Estacion_Central,8.54,52,alto,1,NO
Norte,Aeropuerto,27.49,151,alto,0,NO
Centro,Este,19.58,58,bajo,2,NO
Centro,Universidad,15.86,57,medio,2,NO
Universidad,Estacion_Central,7.05,21,alto,2,NO
Universidad,Este,16.37,67,medio,2,NO
Este,Universidad,32.84,104,medio,1,NO
Universidad,Oeste,22.14,56,bajo,3,NO
Estacion_Central,Norte,18.09,58,medio,2,NO
Oeste,Estacion_Central,25.14,61,bajo,1,NO
Norte,Sur,25.76,69,bajo,3,NO
Universidad,Este,28.17,63,bajo,3,NO
Este,Sur,23.91,108,alto,2,NO
Aeropuerto,Estacion_Central,20.16,65,medio,2,NO
Oeste,Sur,9.61,45,medio,0,SI
Sur,Norte,9.14,48,alto,2,NO
Norte,Universidad,8.41,17,bajo,2,NO
Centro,Aeropuerto,19.63,47,bajo,2,NO
Sur,Aeropuerto,30.66,81,bajo,2,NO
Universidad,Este,16.54,36,bajo,2,NO
Universidad,Centro,29.13,74,bajo,0,NO
Sur,Norte,28.77,90,bajo,1,NO
Norte,Estacion_Central,27.23,136,alto,1,NO
Aeropuerto,Este,31.98,140,alto,3,NO
Oeste,Estacion_Central,22.49,115,alto,0,NO
Este,Aeropuerto,8.96,32,bajo,1,SI
Sur,Estacion_Central,4.48,13,medio,3,NO
Oeste,Centro,9.64,63,alto,3,NO
Norte,Aeropuerto,9.7,39,alto,1,NO
Aeropuerto,Centro,19.97,76,medio,1,NO
Norte,Centro,7.48,30,alto,2,NO
Universidad,Centro,17.47,54,medio,2,NO
Universidad,Este,4.65,13,medio,2,NO
Oeste,Centro,5.01,55,alto,0,NO
Oeste,Estacion_Central,3.33,27,medio,3,NO
Oeste,Norte,34.9,117,medio,0,NO
Universidad,Sur,15.48,38,bajo,1,SI
Estacion_Central,Este,24.89,78,medio,0,NO
Universidad,Centro,12.38,39,medio,0,SI
Universidad,Este,3.79,27,alto,3,NO
Universidad,Aeropuerto,3.7,10,bajo,2,NO
Universidad,Estacion_Central,18.0,63,alto,1,NO
Sur,Este,20.18,57,bajo,1,NO
Norte,Oeste,33.25,92,bajo,3,NO
Oeste,Estacion_Central,25.28,84,medio,3,NO
Este,Oeste,20.19,91,alto,1,NO
Norte,Este,27.5,109,medio,2,NO
Centro,Este,25.96,144,alto,3,NO
Sur,Oeste,19.77,88,alto,3,NO
Universidad,Sur,30.7,96,bajo,3,NO
Este,Universidad,27.59,108,alto,3,NO
Aeropuerto,Este,34.62,180,alto,1,NO
Universidad,Centro,6.17,44,medio,0,SI
Universidad,Centro,19.36,93,alto,1,NO
Aeropuerto,Universidad,23.61,68,medio,2,NO
Estacion_Central,Oeste,24.86,92,medio,3,NO
Estacion_Central,Aeropuerto,25.72,138,alto,0,NO
Norte,Sur,22.83,74,bajo,0,NO
Aeropuerto,Centro,27.09,78,bajo,3,NO
Sur,Aeropuerto,11.88,26,medio,0,SI
Oeste,Sur,14.37,54,alto,3,NO
Sur,Norte,7.78,35,medio,1,SI
Universidad,Oeste,6.72,26,medio,3,NO
Oeste,Aeropuerto,2.31,24,medio,1,SI
Norte,Oeste,33.19,132,medio,3,NO
Oeste,Este,29.9,91,medio,3,NO
Norte,Sur,14.59,48,medio,2,NO
Centro,Universidad,23.72,102,alto,0,NO
Universidad,Aeropuerto,31.84,78,bajo,2,NO
Este,Aeropuerto,8.27,32,alto,1,NO
Norte,Aeropuerto,23.33,74,medio,0,NO
Estacion_Central,Aeropuerto,6.34,42,medio,3,NO
Sur,Norte,6.36,28,medio,2,NO
Sur,Este,32.16,127,medio,2,NO
Norte,Oeste,33.78,78,bajo,3,NO
Estacion_Central,Centro,28.09,108,alto,0,NO
Universidad,Sur,24.2,126,alto,3,NO
Estacion_Central,Centro,24.27,115,alto,2,NO
Este,Aeropuerto,4.09,43,alto,2,NO
Aeropuerto,Centro,6.61,44,medio,3,NO
Norte,Centro,9.75,39,medio,3,NO
Estacion_Central,Aeropuerto,33.33,169,alto,3,NO
Sur,Oeste,23.61,133,alto,3,NO
Oeste,Centro,24.78,75,medio,1,NO
Estacion_Central,Centro,34.37,154,alto,2,NO
Centro,Oeste,11.1,59,medio,0,NO
Este,Aeropuerto,23.1,76,bajo,2,NO
Este,Norte,27.97,118,alto,1,NO
Este,Universidad,30.7,76,bajo,0,NO
Oeste,Universidad,34.47,189,alto,2,NO
Sur,Centro,23.81,50,bajo,2,NO
Este,Estacion_Central,12.68,26,bajo,1,SI
Aeropuerto,Oeste,5.75,13,medio,2,NO
Norte,Oeste,18.63,64,bajo,2,NO
Universidad,Estacion_Central,33.81,98,medio,3,NO
Aeropuerto,Estacion_Central,5.56,32,medio,0,SI
Norte,Este,22.07,61,medio,2,NO
Aeropuerto,Oeste,19.51,93,alto,3,NO
Norte,Universidad,25.16,140,alto,1,NO
Aeropuerto,Este,31.31,104,medio,3,NO
Aeropuerto,Estacion_Central,5.14,27,alto,2,NO
Estacion_Central,Norte,24.67,65,bajo,0,NO
Norte,Oeste,5.19,25,bajo,0,SI
Estacion_Central,Aeropuerto,6.03,27,alto,3,NO
Centro,Este,21.81,99,alto,1,NO
Sur,Aeropuerto,17.91,78,medio,2,NO
Norte,Universidad,11.19,31,medio,0,SI
Oeste,Centro,7.95,39,medio,2,NO
Estacion_Central,Centro,7.99,25,alto,3,NO
Norte,Sur,26.45,85,bajo,1,NO
Aeropuerto,Este,16.97,48,medio,2,NO
Norte,Centro,7.13,30,bajo,0,SI
Oeste,Este,23.84,83,medio,3,NO
Oeste,Norte,26.91,78,medio,0,NO
Oeste,Aeropuerto,24.39,117,alto,2,NO
Centro,Sur,15.04,45,bajo,1,SI
Oeste,Norte,27.32,105,medio,2,NO
Norte,Centro,18.41,48,bajo,3,NO
Este,Estacion_Central,20.44,79,medio,0,NO
Aeropuerto,Universidad,26.49,89,medio,0,NO
Estacion_Central,Oeste,16.17,75,alto,3,NO
Oeste,Centro,15.37,57,bajo,3,NO
Estacion_Central,Centro,16.41,44,medio,3,NO
Norte,Oeste,30.73,89,bajo,2,NO
Sur,Centro,18.85,72,alto,1,NO
Estacion_Central,Sur,26.0,79,bajo,1,NO
Norte,Sur,10.45,21,bajo,0,SI
Sur,Universidad,22.72,108,alto,3,NO
Estacion_Central,Universidad,34.04,109,medio,0,NO
Universidad,Este,22.84,126,alto,0,NO
Estacion_Central,Oeste,4.45,14,bajo,0,SI
Estacion_Central,Universidad,11.47,38,bajo,3,NO
Universidad,Oeste,20.29,64,bajo,3,NO
Este,Sur,21.97,59,bajo,3,NO
Norte,Universidad,31.67,142,alto,0,NO
Sur,Centro,10.18,36,medio,1,SI
Estacion_Central,Sur,32.29,106,medio,0,NO
Estacion_Central,Centro,12.88,49,medio,2,NO
Oeste,Aeropuerto,30.1,169,alto,1,NO
Estacion_Central,Centro,21.23,61,medio,2,NO
Aeropuerto,Norte,21.64,93,medio,3,NO
Estacion_Central,Universidad,6.22,46,alto,0,NO
Aeropuerto,Oeste,13.94,35,bajo,1,SI
Estacion_Central,Universidad,18.05,41,bajo,1,SI
Norte,Este,29.87,120,alto,0,NO
Estacion_Central,Universidad,22.4,63,bajo,1,NO
Sur,Universidad,24.86,70,bajo,3,NO
Centro,Oeste,14.02,59,medio,2,NO
Universidad,Norte,19.62,62,medio,1,NO
Estacion_Central,Aeropuerto,33.26,132,medio,2,NO
Aeropuerto,Oeste,19.41,67,bajo,1,NO
Oeste,Centro,23.16,133,alto,0,NO
Norte,Este,4.77,13,medio,1,SI
Aeropuerto,Centro,33.23,102,medio,2,NO
Centro,Oeste,3.76,14,bajo,3,NO
Norte,Este,9.41,23,bajo,2,NO
Sur,Norte,3.26,32,medio,1,SI
Universidad,Este,22.31,72,bajo,2,NO
Este,Universidad,6.93,63,alto,3,NO
Norte,Universidad,11.51,27,bajo,1,SI
Aeropuerto,Estacion_Central,28.2,74,bajo,3,NO
Centro,Aeropuerto,19.01,44,bajo,2,NO
Aeropuerto,Centro,22.29,67,medio,1,NO
Norte,Estacion_Central,34.16,138,alto,0,NO
Aeropuerto,Universidad,17.51,67,medio,2,NO
Centro,Este,28.02,126,alto,0,NO
Estacion_Central,Norte,3.46,27,alto,1,NO
Universidad,Estacion_Central,17.79,39,bajo,0,SI
Universidad,Centro,11.68,20,bajo,0,SI
Estacion_Central,Sur,19.01,120,alto,3,NO
Oeste,Centro,26.86,80,medio,0,NO
Estacion_Central,Sur,6.11,20,medio,3,NO
Aeropuerto,Sur,34.13,117,medio,2,NO
Oeste,Universidad,4.73,18,medio,1,SI
Oeste,Sur,5.39,16,medio,2,NO
Universidad,Oeste,25.68,76,medio,2,NO
Universidad,Centro,25.98,147,alto,3,NO
Oeste,Aeropuerto,34.34,104,bajo,3,NO
Estacion_Central,Oeste,28.44,81,bajo,1,NO
Universidad,Centro,6.17,21,alto,2,NO
Estacion_Central,Este,33.33,74,bajo,3,NO
Estacion_Central,Sur,16.65,33,bajo,2,NO
Aeropuerto,Sur,23.44,56,bajo,0,SI
Sur,Oeste,19.09,65,bajo,2,NO
Oeste,Aeropuerto,16.73,79,medio,3,NO
Este,Centro,6.48,10,bajo,3,NO
Norte,Universidad,24.5,98,medio,2,NO
Norte,Estacion_Central,19.89,66,bajo,1,NO
Estacion_Central,Oeste,9.4,43,bajo,1,SI
Universidad,Centro,13.91,53,medio,1,NO
Norte,Centro,12.21,90,alto,3,NO
Aeropuerto,Universidad,15.51,46,bajo,2,NO
Norte,Oeste,17.37,48,bajo,1,NO
Sur,Oeste,18.59,62,bajo,1,NO
Oeste,Norte,7.34,36,bajo,2,NO
Oeste,Universidad,4.6,18,alto,2,NO
Sur,Aeropuerto,11.99,63,alto,1,NO
Sur,Norte,23.74,126,alto,2,NO
Centro,Universidad,30.5,122,alto,2,NO
Este,Universidad,20.88,60,bajo,3,NO
Oeste,Aeropuerto,33.57,158,alto,3,NO
Oeste,Este,4.41,13,medio,3,NO
Universidad,Este,8.73,39,medio,2,NO
Estacion_Central,Este,6.32,28,alto,0,NO
Estacion_Central,Norte,17.39,41,bajo,1,SI
Norte,Centro,11.58,54,alto,3,NO
Este,Universidad,31.78,167,alto,2,NO
Este,Universidad,7.26,49,medio,3,NO
Oeste,Este,2.76,45,alto,3,NO
Este,Norte,21.25,57,medio,3,NO
Universidad,Sur,19.71,83,medio,1,NO
Oeste,Aeropuerto,14.07,37,bajo,3,NO
Centro,Estacion_Central,20.54,67,medio,0,NO
Aeropuerto,Oeste,16.86,86,alto,0,NO
Sur,Centro,15.0,66,medio,2,NO
Sur,Norte,21.88,56,bajo,0,SI
Centro,Sur,25.55,138,alto,3,NO
Sur,Estacion_Central,31.47,129,alto,2,NO
Sur,Oeste,34.69,127,medio,2,NO
Universidad,Estacion_Central,20.58,55,bajo,2,NO
Estacion_Central,Aeropuerto,5.62,20,medio,0,SI
Universidad,Sur,33.91,176,alto,1,NO
Centro,Estacion_Central,17.85,90,alto,3,NO
Sur,Universidad,24.46,93,alto,0,NO
Este,Centro,16.55,55,medio,1,NO
Aeropuerto,Oeste,27.57,154,alto,0,NO
Sur,Estacion_Central,8.84,37,alto,3,NO
Aeropuerto,Sur,33.57,156,alto,2,NO
Estacion_Central,Aeropuerto,27.48,144,alto,2,NO
Universidad,Norte,33.59,106,medio,1,NO
Oeste,Universidad,11.54,45,alto,3,NO
Estacion_Central,Este,13.51,91,alto,2,NO
Oeste,Centro,20.92,75,medio,2,NO
Sur,Este,3.39,27,bajo,2,NO
Universidad,Estacion_Central,10.46,30,bajo,2,NO
Oeste,Norte,5.6,26,bajo,1,SI
Centro,Aeropuerto,31.87,76,bajo,0,NO
Norte,Oeste,12.9,64,alto,1,NO
Centro,Estacion_Central,34.27,144,alto,3,NO
Universidad,Estacion_Central,8.58,52,medio,2,NO
Centro,Universidad,4.95,34,alto,0,NO
Sur,Oeste,31.11,73,bajo,3,NO
Universidad,Norte,32.91,131,medio,0,NO
Centro,Este,20.74,58,medio,2,NO
Universidad,Estacion_Central,19.93,54,bajo,3,NO
Oeste,Norte,28.69,127,alto,3,NO
Oeste,Aeropuerto,8.14,41,medio,1,SI
Sur,Estacion_Central,30.25,119,medio,2,NO
Norte,Oeste,24.09,55,bajo,3,NO
Estacion_Central,Norte,2.23,13,medio,2,NO
Estacion_Central,Sur,21.22,78,medio,2,NO
Este,Centro,24.04,64,bajo,3,NO
Oeste,Aeropuerto,5.87,41,medio,2,NO
Este,Norte,33.59,114,medio,2,NO
Aeropuerto,Estacion_Central,20.12,97,alto,1,NO
Este,Aeropuerto,26.91,83,bajo,3,NO
Estacion_Central,Centro,32.27,133,alto,1,NO
Sur,Norte,12.83,37,bajo,1,SI
Universidad,Centro,31.66,82,bajo,3,NO
Sur,Estacion_Central,15.71,82,alto,3,NO
Oeste,Aeropuerto,2.72,10,bajo,1,SI
Norte,Centro,15.98,90,alto,0,NO
Norte,Oeste,3.05,10,bajo,3,NO
Estacion_Central,Este,16.8,76,medio,3,NO
Norte,Aeropuerto,33.82,100,bajo,2,NO
Norte,Sur,34.76,88,bajo,1,NO
Centro,Universidad,2.75,18,alto,3,NO
Aeropuerto,Universidad,9.58,27,bajo,2,NO
Este,Aeropuerto,27.26,106,alto,3,NO
Centro,Sur,8.8,15,bajo,3,NO
Centro,Sur,26.44,68,bajo,1,NO
Centro,Sur,18.63,81,alto,2,NO
Estacion_Central,Norte,11.96,43,alto,1,NO
Aeropuerto,Sur,11.08,61,alto,1,NO
Aeropuerto,Oeste,18.36,117,alto,3,NO
Estacion_Central,Aeropuerto,15.74,42,medio,1,SI
Universidad,Norte,30.03,133,alto,1,NO
Universidad,Centro,20.56,126,alto,1,NO
Aeropuerto,Norte,10.41,25,bajo,3,NO
Estacion_Central,Centro,19.68,64,bajo,2,NO
Aeropuerto,Estacion_Central,21.96,46,bajo,1,NO
Este,Oeste,8.89,50,medio,0,NO
Este,Norte,33.75,100,medio,1,NO
Este,Oeste,32.2,113,medio,3,NO
Universidad,Oeste,23.41,74,medio,3,NO
Universidad,Centro,28.49,106,medio,1,NO
Estacion_Central,Sur,15.66,46,bajo,1,NO
Centro,Este,20.26,104,alto,3,NO
Oeste,Norte,8.47,32,alto,1,NO
Universidad,Oeste,23.6,89,medio,3,NO
Universidad,Este,7.55,32,bajo,1,SI
Universidad,Norte,32.26,154,alto,0,NO
Centro,Universidad,29.94,167,alto,0,NO
Centro,Oeste,6.54,25,bajo,1,SI
Centro,Sur,18.69,84,alto,3,NO
Universidad,Centro,2.22,12,bajo,0,SI
Oeste,Estacion_Central,34.26,136,alto,3,NO
Sur,Centro,32.3,86,bajo,1,NO
Oeste,Universidad,13.7,48,bajo,2,NO
Aeropuerto,Este,20.65,71,bajo,2,NO
Norte,Aeropuerto,34.73,96,bajo,0,NO
Aeropuerto,Este,14.45,72,alto,0,NO
Sur,Centro,18.5,63,medio,0,NO
Centro,Sur,8.98,68,alto,3,NO
Oeste,Centro,32.5,118,medio,0,NO
Sur,Universidad,12.38,88,alto,1,NO
Aeropuerto,Centro,11.88,64,alto,3,NO
Estacion_Central,Este,26.94,109,alto,0,NO
Estacion_Central,Centro,5.22,10,bajo,2,NO
Aeropuerto,Universidad,12.77,52,medio,3,NO
Este,Sur,20.25,51,bajo,3,NO
Norte,Universidad,22.41,124,alto,0,NO
Norte,Este,7.09,52,alto,1,NO
Aeropuerto,Sur,13.9,35,medio,3,NO
Estacion_Central,Universidad,10.9,21,bajo,3,NO
Universidad,Oeste,20.31,53,bajo,0,SI
Estacion_Central,Oeste,5.07,26,medio,3,NO
Centro,Este,15.66,93,alto,1,NO
Sur,Aeropuerto,14.56,39,medio,2,NO
Universidad,Norte,4.09,16,medio,2,NO
Universidad,Aeropuerto,4.54,10,bajo,3,NO
Este,Oeste,5.53,15,medio,2,NO
Aeropuerto,Universidad,30.45,102,medio,1,NO
Oeste,Sur,21.91,84,medio,2,NO
Sur,Oeste,33.97,149,alto,3,NO
Este,Sur,14.41,65,medio,2,NO
Norte,Estacion_Central,8.59,41,bajo,0,SI
Universidad,Estacion_Central,8.92,64,alto,0,NO
Aeropuerto,Estacion_Central,18.48,55,bajo,2,NO
Sur,Aeropuerto,15.96,53,medio,3,NO
Aeropuerto,Oeste,18.72,115,alto,3,NO
Centro,Universidad,33.96,171,alto,0,NO
Norte,Universidad,10.19,35,bajo,0,SI
Aeropuerto,Universidad,12.94,46,bajo,0,SI
Norte,Este,9.33,63,alto,1,NO
Universidad,Sur,14.91,90,alto,1,NO
Estacion_Central,Centro,17.93,43,bajo,0,SI
Sur,Este,12.29,34,bajo,3,NO
Estacion_Central,Este,5.22,31,medio,2,NO
Norte,Este,3.47,19,bajo,2,NO
Norte,Aeropuerto,28.4,158,alto,1,NO
Sur,Estacion_Central,7.28,31,medio,1,SI
Aeropuerto,Estacion_Central,8.09,37,medio,3,NO
Centro,Aeropuerto,22.27,91,alto,3,NO
Aeropuerto,Centro,25.26,106,alto,0,NO
Norte,Universidad,30.78,93,medio,1,NO
Universidad,Centro,10.66,75,alto,2,NO
Aeropuerto,Oeste,14.95,39,medio,3,NO
Sur,Universidad,24.23,133,alto,0,NO
Sur,Este,5.89,13,bajo,2,NO
Sur,Estacion_Central,14.82,79,alto,3,NO
Aeropuerto,Norte,18.06,91,alto,1,NO
Sur,Oeste,11.53,31,medio,0,SI
Estacion_Central,Centro,17.99,52,medio,3,NO
Aeropuerto,Estacion_Central,18.23,72,medio,3,NO
Sur,Centro,20.66,65,bajo,2,NO
Centro,Este,9.42,28,medio,3,NO
Norte,Estacion_Central,5.77,35,medio,0,SI
Universidad,Oeste,9.21,45,alto,1,NO
Oeste,Universidad,34.98,117,medio,0,NO
Universidad,Aeropuerto,34.8,100,bajo,1,NO
Estacion_Central,Universidad,25.45,72,bajo,1,NO
Este,Universidad,8.83,16,medio,2,NO
Sur,Este,34.31,151,alto,2,NO
Norte,Sur,33.77,97,bajo,2,NO
Sur,Aeropuerto,30.58,131,alto,2,NO
Este,Universidad,29.84,76,bajo,2,NO
Aeropuerto,Este,16.92,51,bajo,3,NO
Oeste,Aeropuerto,32.9,107,medio,2,NO
Centro,Universidad,27.55,144,alto,3,NO
Estacion_Central,Universidad,4.09,16,bajo,3,NO
Este,Oeste,10.86,54,medio,1,NO
Universidad,Aeropuerto,13.34,43,bajo,0,SI
Norte,Aeropuerto,27.87,73,bajo,1,NO
Universidad,Este,2.02,23,bajo,1,SI
Oeste,Norte,30.86,93,bajo,2,NO
Oeste,Centro,14.27,52,bajo,0,SI
Aeropuerto,Estacion_Central,12.08,41,bajo,3,NO
Norte,Aeropuerto,5.14,10,bajo,1,SI
Este,Estacion_Central,24.44,91,alto,2,NO
Norte,Universidad,15.94,33,bajo,1,SI
Aeropuerto,Centro,26.12,75,medio,2,NO
Oeste,Norte,14.63,50,bajo,1,NO
Norte,Estacion_Central,20.59,59,bajo,3,NO
Estacion_Central,Aeropuerto,9.03,45,medio,3,NO
Este,Centro,31.59,73,bajo,3,NO
Estacion_Central,Este,12.38,32,medio,0,SI
Este,Estacion_Central,21.83,85,medio,0,NO
Oeste,Norte,19.09,95,alto,3,NO
Oeste,Aeropuerto,3.8,26,bajo,3,NO
Aeropuerto,Centro,9.96,34,bajo,0,SI
Estacion_Central,Sur,6.36,55,alto,3,NO
Estacion_Central,Oeste,24.54,74,bajo,0,NO
Norte,Centro,10.65,17,bajo,3,NO
Oeste,Aeropuerto,25.52,98,medio,3,NO
Norte,Aeropuerto,19.71,74,medio,0,NO
Oeste,Centro,18.87,43,bajo,2,NO
Aeropuerto,Oeste,22.93,129,alto,0,NO
Oeste,Aeropuerto,16.44,59,bajo,0,SI
Este,Centro,32.51,133,alto,0,NO
Oeste,Aeropuerto,26.48,78,bajo,0,NO
Sur,Aeropuerto,2.37,13,medio,2,NO
Sur,Este,6.19,36,medio,0,SI
Centro,Este,28.63,69,bajo,2,NO
Norte,Oeste,17.02,55,medio,1,NO
Estacion_Central,Norte,10.42,34,alto,0,NO
Este,Aeropuerto,18.79,38,bajo,1,SI
Centro,Oeste,14.01,52,bajo,0,SI
Aeropuerto,Norte,12.62,61,alto,2,NO
Oeste,Universidad,4.57,21,alto,0,NO
Sur,Norte,28.54,117,medio,0,NO
Universidad,Aeropuerto,11.32,55,medio,0,NO
Universidad,Centro,14.17,44,medio,1,SI
Universidad,Sur,21.53,58,bajo,1,NO
Sur,Centro,32.77,129,alto,2,NO
Centro,Este,2.05,25,alto,2,NO
Norte,Sur,19.48,58,medio,0,NO
Sur,Aeropuerto,11.23,19,bajo,3,NO
Estacion_Central,Este,34.16,77,bajo,1,NO
Aeropuerto,Centro,21.53,81,alto,1,NO
Este,Sur,10.61,32,medio,2,NO
Estacion_Central,Este,10.97,19,bajo,1,SI
Norte,Sur,5.49,22,medio,3,NO
Norte,Estacion_Central,13.82,61,medio,2,NO
Universidad,Sur,30.13,122,alto,2,NO
Centro,Sur,29.59,73,bajo,1,NO
Estacion_Central,Este,18.94,74,medio,1,NO
Centro,Oeste,30.2,147,alto,1,NO
Norte,Oeste,5.36,27,bajo,0,SI
Centro,Universidad,27.77,66,bajo,3,NO
Estacion_Central,Aeropuerto,22.8,118,alto,2,NO
Norte,Centro,34.91,149,alto,3,NO
Sur,Centro,31.87,122,medio,0,NO
Centro,Oeste,3.67,33,medio,3,NO
Universidad,Centro,14.63,50,medio,1,NO
Sur,Este,11.24,44,bajo,1,SI
Oeste,Este,15.6,45,bajo,0,SI
Oeste,Este,6.53,21,alto,1,NO
Centro,Oeste,27.8,126,alto,3,NO
Estacion_Central,Oeste,18.58,48,bajo,0,SI
Estacion_Central,Oeste,9.23,50,medio,0,NO
Universidad,Oeste,13.8,42,bajo,1,SI
Norte,Sur,23.68,102,alto,0,NO
Este,Estacion_Central,29.93,114,medio,1,NO
Sur,Norte,21.55,122,alto,2,NO
Centro,Aeropuerto,25.12,145,alto,1,NO
Este,Universidad,34.6,132,medio,2,NO
Sur,Oeste,3.25,18,alto,1,NO
Centro,Estacion_Central,17.77,79,alto,1,NO
Sur,Este,25.66,105,medio,0,NO
Centro,Sur,21.36,70,bajo,2,NO
Norte,Este,25.25,129,alto,0,NO
Estacion_Central,Sur,12.65,90,alto,3,NO
Universidad,Estacion_Central,12.47,75,alto,2,NO
Este,Aeropuerto,21.44,62,medio,2,NO
Sur,Norte,26.05,149,alto,3,NO
Centro,Sur,21.88,129,alto,1,NO
Norte,Oeste,6.64,28,bajo,2,NO
Estacion_Central,Norte,22.99,136,alto,2,NO
Universidad,Centro,10.75,24,bajo,2,NO
Oeste,Universidad,5.57,13,medio,3,NO
Aeropuerto,Norte,31.19,106,medio,2,NO
Aeropuerto,Centro,29.35,156,alto,1,NO
Sur,Oeste,4.43,33,medio,0,SI
Estacion_Central,Sur,33.4,75,bajo,3,NO
Sur,Aeropuerto,4.48,29,bajo,2,NO
Universidad,Estacion_Central,3.02,25,bajo,3,NO
Sur,Centro,5.34,10,bajo,3,NO
Oeste,Aeropuerto,11.29,25,bajo,3,NO
Universidad,Norte,3.8,10,bajo,2,NO
Universidad,Norte,5.2,18,alto,2,NO
Norte,Oeste,29.84,94,medio,3,NO
Universidad,Estacion_Central,10.75,46,medio,1,NO
Estacion_Central,Este,14.19,49,medio,3,NO
Universidad,Sur,9.47,21,bajo,1,SI
Norte,Centro,24.05,96,medio,1,NO
Centro,Universidad,14.77,75,alto,3,NO
Este,Oeste,11.86,55,alto,0,NO
Sur,Centro,33.33,86,bajo,1,NO
Este,Norte,3.41,18,alto,3,NO
Este,Universidad,22.7,92,medio,2,NO
Norte,Centro,14.81,49,medio,2,NO
Universidad,Aeropuerto,2.41,30,alto,3,NO
Norte,Oeste,6.94,43,alto,0,NO
Norte,Estacion_Central,27.72,147,alto,2,NO
Aeropuerto,Sur,14.64,73,alto,3,NO
Centro,Sur,11.09,39,alto,3,NO
Centro,Oeste,31.36,78,bajo,0,NO
Universidad,Sur,31.6,89,medio,2,NO
Oeste,Universidad,18.22,56,bajo,1,NO
Sur,Este,34.15,114,medio,2,NO
Aeropuerto,Oeste,23.3,53,bajo,3,NO
Universidad,Aeropuerto,19.04,48,bajo,1,NO
Norte,Este,25.42,117,alto,0,NO
Sur,Norte,30.88,73,bajo,1,NO
Centro,Oeste,3.67,10,bajo,2,NO
Estacion_Central,Universidad,17.32,45,bajo,0,SI
Este,Sur,18.13,62,medio,2,NO
Estacion_Central,Norte,29.64,127,alto,0,NO
Oeste,Centro,14.76,55,alto,1,NO
Este,Aeropuerto,9.43,34,alto,3,NO
Centro,Universidad,27.75,82,bajo,3,NO
Sur,Aeropuerto,7.72,33,bajo,2,NO
Oeste,Aeropuerto,33.91,122,medio,3,NO
Estacion_Central,Este,10.32,52,alto,3,NO
Norte,Centro,18.88,74,medio,2,NO
Oeste,Aeropuerto,5.57,13,medio,2,NO
Oeste,Sur,23.65,138,alto,2,NO
Este,Norte,19.07,44,bajo,3,NO
Estacion_Central,Aeropuerto,6.62,13,medio,2,NO
Oeste,Este,15.35,90,alto,1,NO
Estacion_Central,Aeropuerto,25.54,133,alto,3,NO
Estacion_Central,Oeste,11.91,43,alto,1,NO
Oeste,Centro,17.54,100,alto,1,NO
Estacion_Central,Aeropuerto,4.95,23,alto,2,NO
Aeropuerto,Universidad,31.27,142,alto,2,NO
Universidad,Aeropuerto,5.89,18,alto,0,NO
Universidad,Norte,18.52,80,medio,2,NO
Aeropuerto,Centro,30.74,71,bajo,2,NO
Aeropuerto,Oeste,31.46,98,bajo,2,NO
Sur,Universidad,4.67,11,bajo,2,NO
Centro,Norte,16.92,38,bajo,1,SI
Universidad,Aeropuerto,27.2,108,alto,3,NO
Aeropuerto,Este,16.16,44,bajo,0,SI
Este,Aeropuerto,14.31,33,medio,1,SI
Centro,Aeropuerto,2.14,17,bajo,2,NO
Oeste,Norte,5.39,23,medio,1,SI
Norte,Universidad,3.51,35,medio,2,NO
Aeropuerto,Estacion_Central,34.85,113,medio,2,NO
Este,Norte,33.29,130,medio,0,NO
Este,Norte,26.0,104,alto,0,NO
Sur,Centro,14.1,44,bajo,3,NO
Oeste,Universidad,19.65,40,bajo,0,SI
Centro,Norte,24.76,83,medio,0,NO
Oeste,Este,25.16,106,alto,0,NO
Oeste,Este,23.83,89,medio,1,NO
Aeropuerto,Universidad,31.65,151,alto,0,NO
Oeste,Centro,27.9,133,alto,1,NO
Oeste,Universidad,19.26,79,alto,3,NO
Oeste,Norte,3.3,13,bajo,3,NO
Estacion_Central,Norte,2.09,15,bajo,3,NO
Sur,Centro,27.72,109,alto,0,NO
Oeste,Aeropuerto,9.63,55,medio,2,NO
Universidad,Centro,5.29,10,bajo,2,NO
Estacion_Central,Universidad,24.33,63,bajo,0,NO
Centro,Norte,30.12,85,bajo,2,NO
Estacion_Central,Este,33.52,145,alto,0,NO
Estacion_Central,Universidad,13.31,33,medio,3,NO
Oeste,Universidad,14.73,67,medio,1,NO
Norte,Sur,24.97,54,bajo,0,SI
Aeropuerto,Oeste,17.93,66,medio,1,NO
Aeropuerto,Universidad,13.83,45,alto,1,NO
Universidad,Este,5.73,16,bajo,0,SI
Oeste,Aeropuerto,12.37,75,alto,1,NO
Estacion_Central,Oeste,19.26,59,bajo,3,NO
Este,Oeste,13.41,55,medio,1,NO
Centro,Norte,23.23,67,medio,3,NO
Sur,Centro,26.8,85,medio,2,NO
Centro,Estacion_Central,9.35,41,medio,1,SI
Norte,Oeste,16.66,48,bajo,3,NO
Universidad,Sur,5.92,34,alto,0,NO
Norte,Oeste,15.61,45,bajo,0,SI
Oeste,Estacion_Central,20.56,79,medio,2,NO
Estacion_Central,Universidad,3.79,13,medio,2,NO
Universidad,Estacion_Central,23.69,70,bajo,0,NO
Este,Centro,13.26,62,medio,2,NO
Norte,Centro,31.6,149,alto,3,NO
Norte,Este,22.16,66,medio,1,NO
Universidad,Aeropuerto,27.79,80,bajo,3,NO
Centro,Aeropuerto,29.64,105,medio,3,NO
Sur,Oeste,2.14,30,alto,3,NO
Universidad,Oeste,27.78,154,alto,1,NO
Sur,Centro,14.78,57,medio,3,NO
Aeropuerto,Oeste,32.23,120,medio,3,NO
Estacion_Central,Sur,16.94,46,medio,2,NO
Estacion_Central,Aeropuerto,26.32,72,bajo,1,NO
Este,Estacion_Central,25.57,133,alto,1,NO
Sur,Estacion_Central,19.9,104,alto,0,NO
Estacion_Central,Oeste,17.85,91,alto,3,NO
Oeste,Universidad,15.94,30,bajo,0,SI
Aeropuerto,Norte,3.75,13,medio,1,SI
Oeste,Aeropuerto,10.27,72,alto,2,NO
Este,Universidad,19.86,65,medio,0,NO
Este,Aeropuerto,23.35,108,alto,2,NO
Centro,Oeste,14.79,99,alto,2,NO
Centro,Norte,26.54,80,medio,1,NO
Estacion_Central,Universidad,21.42,65,bajo,1,NO
Oeste,Este,7.86,30,bajo,1,SI
Norte,Oeste,3.34,13,medio,1,SI
Sur,Estacion_Central,29.92,83,medio,1,NO
Centro,Sur,32.64,160,alto,2,NO
Universidad,Aeropuerto,20.9,93,alto,2,NO
Este,Norte,19.18,61,bajo,3,NO
Aeropuerto,Centro,13.53,90,alto,2,NO
Estacion_Central,Sur,11.69,84,alto,3,NO
Centro,Norte,24.07,113,alto,1,NO
Centro,Aeropuerto,31.23,79,bajo,3,NO
Oeste,Estacion_Central,25.89,99,alto,2,NO
Universidad,Este,3.45,25,bajo,2,NO
Norte,Centro,7.52,66,alto,0,NO
Norte,Sur,24.12,131,alto,3,NO
Norte,Sur,19.75,108,alto,3,NO
Norte,Aeropuerto,24.64,93,alto,2,NO
Centro,Norte,4.42,13,medio,0,SI
Este,Sur,15.45,54,medio,3,NO
Estacion_Central,Centro,14.85,30,bajo,0,SI
Centro,Aeropuerto,29.99,135,alto,0,NO
Oeste,Universidad,24.63,89,medio,3,NO
Aeropuerto,Este,29.13,63,bajo,1,NO
Sur,Aeropuerto,14.9,91,alto,2,NO
Sur,Este,24.35,140,alto,2,NO
Centro,Estacion_Central,30.87,71,bajo,0,NO
Aeropuerto,Oeste,20.07,42,bajo,2,NO
Este,Oeste,31.89,95,bajo,1,NO
Sur,Norte,22.36,53,bajo,1,NO
Centro,Universidad,26.78,154,alto,3,NO
Norte,Este,24.17,57,bajo,3,NO
Estacion_Central,Sur,6.23,25,bajo,2,NO
Norte,Sur,12.49,61,alto,2,NO
Sur,Estacion_Central,20.71,85,medio,1,NO
Centro,Este,10.12,37,alto,3,NO
Oeste,Universidad,13.86,58,medio,3,NO
Universidad,Este,13.84,59,alto,0,NO
Sur,Aeropuerto,22.02,70,bajo,1,NO
Oeste,Aeropuerto,31.25,70,bajo,0,NO
Centro,Universidad,21.2,99,alto,1,NO
Centro,Estacion_Central,10.6,77,alto,3,NO
Sur,Este,14.95,97,alto,2,NO
Sur,Oeste,18.54,50,medio,0,NO
Este,Universidad,33.81,185,alto,1,NO
Sur,Oeste,7.25,45,alto,1,NO
Universidad,Sur,3.33,21,bajo,0,SI
Oeste,Sur,9.72,61,alto,2,NO
Aeropuerto,Este,32.29,97,bajo,2,NO
Norte,Aeropuerto,33.96,120,medio,2,NO
Sur,Oeste,23.57,106,alto,0,NO
Oeste,Este,34.1,105,medio,2,NO
Estacion_Central,Este,28.16,87,bajo,1,NO
Universidad,Norte,9.59,37,medio,1,SI
Sur,Norte,7.19,26,bajo,1,SI
Aeropuerto,Universidad,12.9,45,alto,3,NO
Universidad,Norte,21.5,81,medio,0,NO
Este,Centro,6.22,23,bajo,0,SI
Sur,Centro,7.49,64,alto,3,NO
Centro,Aeropuerto,26.02,79,bajo,1,NO
Universidad,Oeste,34.76,102,bajo,1,NO
Aeropuerto,Oeste,6.71,24,bajo,2,NO
Sur,Aeropuerto,24.62,142,alto,0,NO
Este,Oeste,14.72,30,bajo,3,NO
Sur,Estacion_Central,5.18,30,alto,0,NO
Norte,Centro,17.91,68,alto,0,NO
Aeropuerto,Oeste,15.88,99,alto,3,NO
Este,Universidad,17.91,74,medio,0,NO
Aeropuerto,Norte,10.4,38,bajo,2,NO
Aeropuerto,Sur,8.24,31,bajo,0,SI
Centro,Oeste,23.6,89,medio,3,NO
Estacion_Central,Centro,7.11,35,medio,2,NO
Aeropuerto,Oeste,14.07,59,alto,3,NO
Este,Oeste,20.22,57,bajo,2,NO
Universidad,Sur,34.62,167,alto,3,NO
Sur,Universidad,30.51,69,bajo,3,NO
Sur,Centro,9.08,31,medio,0,SI
Sur,Oeste,33.83,74,bajo,1,NO
Universidad,Oeste,16.37,32,bajo,2,NO
Norte,Estacion_Central,3.25,13,medio,2,NO
Centro,Universidad,29.07,105,medio,0,NO
Este,Universidad,23.68,94,medio,1,NO
Centro,Universidad,21.78,59,bajo,1,NO
Centro,Este,9.9,14,bajo,0,SI
Oeste,Universidad,15.18,62,medio,1,NO
Centro,Aeropuerto,25.22,144,alto,2,NO
Estacion_Central,Sur,33.79,147,alto,1,NO
Universidad,Este,20.97,65,medio,0,NO
Norte,Estacion_Central,11.71,84,alto,2,NO
Oeste,Aeropuerto,16.61,54,medio,1,NO
Estacion_Central,Universidad,17.14,82,alto,0,NO
Universidad,Centro,10.51,27,bajo,1,SI
Estacion_Central,Este,33.53,89,bajo,2,NO
Este,Sur,5.07,28,medio,0,SI
Sur,Oeste,12.36,48,alto,2,NO
Sur,Aeropuerto,24.54,101,medio,1,NO
Este,Aeropuerto,9.99,22,bajo,1,SI
Este,Universidad,22.41,50,bajo,0,SI
Norte,Aeropuerto,33.54,88,bajo,0,NO
Universidad,Sur,22.48,108,alto,2,NO
Universidad,Norte,34.49,133,medio,3,NO
Este,Universidad,21.03,57,medio,3,NO
Centro,Estacion_Central,13.46,49,bajo,3,NO
Norte,Aeropuerto,19.1,47,bajo,0,SI
Este,Oeste,21.17,93,alto,2,NO
Sur,Estacion_Central,10.67,43,alto,2,NO
Estacion_Central,Norte,18.46,75,alto,2,NO
Estacion_Central,Universidad,15.22,73,alto,1,NO
Este,Universidad,5.3,11,bajo,3,NO
Aeropuerto,Norte,6.81,35,bajo,3,NO
Centro,Sur,15.91,59,alto,2,NO
Universidad,Sur,10.28,41,bajo,3,NO
Norte,Aeropuerto,7.39,18,medio,3,NO
Norte,Oeste,26.57,83,medio,2,NO
Estacion_Central,Centro,15.59,70,alto,1,NO
Sur,Universidad,11.39,50,alto,3,NO
Universidad,Centro,14.58,63,alto,1,NO
Sur,Aeropuerto,28.65,127,alto,3,NO
Norte,Centro,7.35,19,medio,2,NO
Oeste,Estacion_Central,23.27,72,medio,2,NO
Universidad,Este,7.52,34,bajo,1,SI
Oeste,Aeropuerto,25.12,55,bajo,3,NO
Norte,Centro,4.11,46,alto,0,NO
Centro,Universidad,15.1,50,bajo,0,SI
Oeste,Estacion_Central,7.12,35,medio,2,NO
Este,Norte,26.34,69,bajo,1,NO
Sur,Centro,3.16,13,medio,3,NO
Universidad,Aeropuerto,19.84,61,medio,1,NO
Sur,Estacion_Central,21.72,113,alto,3,NO
Oeste,Sur,17.89,41,bajo,3,NO
Oeste,Sur,15.6,33,bajo,0,SI
Sur,Este,11.46,61,alto,3,NO
Universidad,Sur,2.3,13,medio,1,SI
Centro,Estacion_Central,14.33,68,alto,3,NO
Aeropuerto,Norte,7.39,39,medio,3,NO
Este,Sur,4.61,36,alto,2,NO
Oeste,Aeropuerto,26.52,104,medio,1,NO
Norte,Sur,6.51,13,medio,3,NO
Oeste,Aeropuerto,22.55,52,bajo,1,NO
Centro,Estacion_Central,2.73,32,medio,2,NO
Sur,Aeropuerto,16.47,31,bajo,1,SI
Centro,Oeste,9.17,32,medio,2,NO
Universidad,Estacion_Central,28.12,70,bajo,0,NO
Oeste,Universidad,14.95,43,bajo,1,SI
Oeste,Universidad,14.59,46,alto,1,NO
Aeropuerto,Universidad,34.17,82,bajo,1,NO
Universidad,Estacion_Central,27.44,74,bajo,3,NO
Aeropuerto,Estacion_Central,33.72,102,bajo,0,NO
Norte,Este,17.88,55,medio,0,NO
Este,Centro,9.79,27,bajo,1,SI
Oeste,Estacion_Central,5.95,28,bajo,0,SI
Universidad,Estacion_Central,21.68,55,bajo,1,NO
Sur,Oeste,5.02,37,alto,0,NO
Centro,Este,23.27,69,bajo,1,NO
Universidad,Norte,12.45,66,alto,2,NO
Universidad,Estacion_Central,8.37,40,medio,1,SI
Oeste,Centro,18.01,62,medio,3,NO
Este,Estacion_Central,8.16,36,alto,3,NO
Oeste,Universidad,29.43,163,alto,1,NO
Norte,Estacion_Central,7.12,20,medio,2,NO
Universidad,Centro,27.61,133,alto,1,NO
Centro,Estacion_Central,30.28,88,bajo,2,NO
Norte,Aeropuerto,33.92,99,bajo,3,NO
Sur,Estacion_Central,11.34,39,medio,0,SI
Norte,Estacion_Central,23.74,50,bajo,1,NO
Centro,Sur,5.53,10,bajo,3,NO
Universidad,Oeste,22.59,64,bajo,2,NO
Este,Estacion_Central,25.69,54,bajo,3,NO
Norte,Oeste,28.43,111,alto,3,NO
Estacion_Central,Universidad,25.38,101,medio,0,NO
Norte,Universidad,12.03,86,alto,0,NO
Norte,Aeropuerto,9.62,25,bajo,1,SI
Sur,Estacion_Central,26.72,69,bajo,2,NO
Universidad,Estacion_Central,23.95,76,bajo,1,NO
Aeropuerto,Oeste,13.14,48,alto,3,NO
Estacion_Central,Sur,20.15,91,medio,3,NO
Aeropuerto,Universidad,25.95,131,alto,1,NO
Aeropuerto,Universidad,20.16,80,medio,3,NO
Universidad,Este,2.01,13,medio,0,SI
Sur,Este,2.22,25,bajo,2,NO
Centro,Universidad,29.12,107,medio,1,NO
Norte,Centro,17.19,48,medio,2,NO
Este,Norte,10.46,45,alto,3,NO
Este,Aeropuerto,4.55,14,medio,1,SI
Universidad,Aeropuerto,31.67,90,bajo,2,NO
Centro,Aeropuerto,28.68,73,bajo,2,NO
Estacion_Central,Universidad,16.33,58,bajo,1,NO
Centro,Aeropuerto,27.65,91,medio,0,NO
Estacion_Central,Oeste,20.64,91,alto,1,NO
Sur,Centro,24.23,104,medio,0,NO
Este,Oeste,11.56,30,bajo,2,NO
Norte,Oeste,20.86,55,medio,2,NO
Norte,Oeste,18.56,59,bajo,1,NO
Universidad,Oeste,8.54,41,alto,1,NO
Este,Norte,4.36,31,medio,0,SI
Norte,Aeropuerto,15.65,40,bajo,2,NO
Estacion_Central,Oeste,23.63,72,bajo,2,NO
Universidad,Oeste,6.81,10,bajo,1,SI
Estacion_Central,Norte,27.01,83,bajo,0,NO
Este,Estacion_Central,32.58,126,medio,0,NO
Estacion_Central,Aeropuerto,28.54,91,medio,0,NO
Estacion_Central,Norte,26.42,111,alto,2,NO
Universidad,Oeste,26.09,106,alto,0,NO
Aeropuerto,Oeste,31.9,110,medio,1,NO
Centro,Este,8.62,41,medio,0,SI
Universidad,Estacion_Central,33.19,133,alto,2,NO
Estacion_Central,Universidad,5.56,21,alto,3,NO
Este,Oeste,18.78,75,medio,3,NO
Norte,Sur,8.56,72,alto,0,NO
Centro,Sur,32.43,104,medio,3,NO
Sur,Centro,13.44,61,alto,2,NO
Este,Estacion_Central,11.1,24,medio,3,NO
Centro,Estacion_Central,33.32,104,medio,3,NO
Sur,Centro,26.09,126,alto,1,NO
Aeropuerto,Norte,20.91,71,medio,2,NO
Universidad,Oeste,6.35,45,alto,1,NO
Sur,Este,24.72,78,bajo,3,NO
Sur,Aeropuerto,32.79,128,medio,0,NO
Norte,Sur,12.48,84,alto,0,NO
Estacion_Central,Este,33.72,149,alto,2,NO
Sur,Universidad,8.2,14,bajo,2,NO
Este,Estacion_Central,9.66,44,medio,0,SI
Universidad,Norte,18.58,97,alto,2,NO
Sur,Universidad,14.79,41,bajo,1,SI
Este,Centro,15.48,74,medio,3,NO
Este,Aeropuerto,24.15,56,bajo,0,SI
Sur,Oeste,30.62,105,medio,3,NO
Este,Oeste,15.36,52,alto,3,NO
Estacion_Central,Este,22.18,120,alto,0,NO
Norte,Oeste,17.08,59,bajo,3,NO
Centro,Estacion_Central,14.78,49,bajo,1,NO
Oeste,Este,15.14,46,medio,3,NO
Sur,Oeste,11.72,82,alto,1,NO
Universidad,Aeropuerto,23.32,91,alto,0,NO
Sur,Universidad,21.32,126,alto,1,NO
Aeropuerto,Este,12.67,28,medio,1,SI
Universidad,Centro,10.25,64,alto,1,NO
Norte,Centro,5.77,22,medio,0,SI
Aeropuerto,Estacion_Central,28.11,75,bajo,3,NO
Aeropuerto,Centro,27.35,153,alto,1,NO
Sur,Universidad,6.77,29,bajo,3,NO
Oeste,Sur,26.1,109,medio,1,NO
Norte,Sur,33.69,96,medio,0,NO
Universidad,Este,30.23,81,bajo,3,NO
Este,Norte,21.43,74,medio,3,NO
Norte,Estacion_Central,21.8,91,alto,2,NO
Este,Centro,8.1,14,medio,0,SI
Sur,Universidad,3.07,27,alto,2,NO
Estacion_Central,Centro,3.62,11,bajo,1,SI
Oeste,Estacion_Central,23.81,126,alto,1,NO
Universidad,Estacion_Central,21.11,70,bajo,2,NO
Estacion_Central,Sur,31.62,120,medio,0,NO
Oeste,Este,6.44,33,medio,2,NO
Aeropuerto,Oeste,8.92,18,bajo,0,SI
Norte,Oeste,25.89,129,alto,2,NO
Aeropuerto,Oeste,29.98,129,alto,2,NO
Sur,Estacion_Central,20.57,102,alto,3,NO
Universidad,Aeropuerto,7.94,50,alto,2,NO
Este,Centro,5.9,18,bajo,1,SI
Aeropuerto,Este,3.5,18,alto,1,NO
Centro,Aeropuerto,8.64,20,bajo,2,NO
Oeste,Estacion_Central,20.15,63,bajo,2,NO
Estacion_Central,Este,25.91,73,bajo,1,NO
Este,Sur,29.52,118,medio,3,NO
Centro,Aeropuerto,6.48,13,medio,2,NO
Universidad,Aeropuerto,28.87,90,bajo,2,NO
Estacion_Central,Oeste,19.68,81,alto,2,NO
Estacion_Central,Centro,34.0,83,bajo,2,NO
Aeropuerto,Estacion_Central,19.63,79,alto,3,NO
Sur,Estacion_Central,5.86,36,medio,2,NO
Centro,Este,15.66,44,bajo,2,NO
Universidad,Aeropuerto,33.37,102,medio,1,NO
Norte,Este,27.9,83,bajo,3,NO
Centro,Universidad,17.93,49,bajo,2,NO
Universidad,Estacion_Central,30.84,98,medio,1,NO
Norte,Universidad,34.42,91,bajo,1,NO
Centro,Oeste,14.79,52,bajo,0,SI
Oeste,Centro,24.67,69,bajo,2,NO
Universidad,Centro,5.4,46,alto,2,NO
Centro,Estacion_Central,27.03,76,bajo,2,NO
Este,Norte,11.46,44,medio,0,SI
Oeste,Norte,7.2,19,alto,0,NO
Este,Estacion_Central,13.56,33,bajo,2,NO
Este,Norte,4.35,24,medio,3,NO
Centro,Sur,2.96,24,bajo,0,SI
Aeropuerto,Centro,4.84,23,alto,3,NO
Estacion_Central,Sur,12.97,50,alto,0,NO
Universidad,Oeste,6.35,54,alto,3,NO
Norte,Oeste,12.24,50,medio,3,NO
Este,Norte,6.74,42,medio,2,NO
Aeropuerto,Norte,25.09,93,medio,3,NO
Universidad,Centro,4.16,13,medio,3,NO
Sur,Este,27.34,76,bajo,0,NO
Aeropuerto,Universidad,25.57,102,alto,0,NO
Oeste,Estacion_Central,17.21,50,bajo,1,NO
Sur,Oeste,14.67,64,alto,3,NO
Aeropuerto,Oeste,27.98,76,bajo,1,NO
Norte,Aeropuerto,32.72,115,medio,0,NO
Universidad,Sur,20.32,65,bajo,2,NO
Aeropuerto,Centro,21.74,115,alto,3,NO
Estacion_Central,Este,23.28,50,bajo,1,NO
Centro,Universidad,6.84,19,alto,2,NO
Aeropuerto,Oeste,21.07,86,alto,2,NO
Oeste,Estacion_Central,28.21,104,medio,2,NO
Norte,Estacion_Central,2.27,32,medio,1,SI
Oeste,Centro,14.18,41,bajo,0,SI
Estacion_Central,Centro,30.42,92,bajo,3,NO
Aeropuerto,Estacion_Central,12.5,41,medio,3,NO
Este,Aeropuerto,7.72,23,alto,3,NO
Estacion_Central,Universidad,15.77,68,alto,1,NO
Sur,Centro,4.37,18,alto,3,NO
Aeropuerto,Norte,4.79,27,medio,3,NO
